"(When Alabama seceded from the Union on January 11, 1861, Winston County seceded from Alabama, and every child in Maycomb County knew it.)",4.659574468085107,5.145833333333333
A baseball hit into the Radley yard was a lost ball and no questions asked.,3.9166666666666665,3.306122448979592
A day was twenty-four hours long but seemed longer.,3.3617021276595747,2.8958333333333335
"A Negro would not pass the Radley Place at night, he would cut across to the sidewalk opposite and whistle as he walked.",4.5625,4.020408163265306
A storm of laughter broke loose when it finally occurred to the class that Miss Caroline had whipped me.,4.808510638297872,3
"A tiny, almost invisible movement, and the house was still.",4.51063829787234,2.9791666666666665
"According to Miss Stephanie, Boo was sitting in the livingroom cutting some items from The Maycomb Tribune to paste in his scrapbook.",4.808510638297872,3.8541666666666665
"According to neighborhood legend, when the younger Radley boy was in his teens he became acquainted with some of the Cunninghams from Old Sarum, an enormous and confusing tribe domiciled in the northern part of the county, and they formed the nearest thing to a gang ever seen in Maycomb.",3.391304347826087,5.319148936170213
"After a dreary conversation in our livingroom one night about his entailment, before Mr.",3.2083333333333335,3.489795918367347
"Ain’t hateful, just persuades him- ‘s not like you’d chunk him in the fire, Jem growled.",3.234042553191489,3.2916666666666665
"Ain’t scared, just respectful, Jem said.",3.617021276595745,2.8333333333333335
"Ain’t you ever waked up at night and heard him, Dill?",4.127659574468085,3
"All we had was Simon Finch, a fur-trapping apothecary from Cornwall whose piety was exceeded only by his stinginess.",3.8297872340425534,3.6458333333333335
"Always runnin', I said.",4.326086956521739,2.7083333333333335
Any stealthy small crimes committed in Maycomb were his work.,4.51063829787234,3.4791666666666665
Are we as poor as the Cunninghams?,3.8085106382978724,2.6041666666666665
"Are we poor, Atticus?",4.0638297872340425,2.0625
As he told us the old tale his blue eyes would lighten and darken; his laugh was sudden and happy; he habitually pulled at a cowlick in the center of his forehead.,3.6739130434782608,2.7083333333333335
"As I was the last to leave, I saw her sink down into her chair and bury her head in her arms.",4.375,2.8979591836734695
"As Maycomb County was farm country, nickels and dimes were hard to come by for doctors and dentists and lawyers.",4.723404255319149,3.875
"As Mr. Radley passed by, Boo drove the scissors into his parent’s leg, pulled them out, wiped them on his pants, and resumed his activities.",4.833333333333333,3.63265306122449
"As the Cunninghams had no money to pay a lawyer, they simply paid us with what they had.",5.297872340425532,3.6041666666666665
asked Miss Caroline.,5.191489361702128,2.625
asked Miss Caroline.,5.5,3.0816326530612246
"At last the sawhorses were taken away, and we stood watching from the front porch when Mr. Radley made his final journey past our house.",4.680851063829787,3
"Atticus aint got time to teach me anything, I added, when Miss Caroline smiled and shook her head.",3.7083333333333335,2.938775510204082
"Atticus had urged them to accept the states generosity in allowing them to plead Guilty to second-degree murder and escape with their lives, but they were Haverfords, in Maycomb County a name synonymous with jackass.",3.74468085106383,3.5833333333333335
Atticus nodded.,5.9361702127659575,2.75
"Atticus said no, it wasn't that sort of thing, that there were other ways of making people into ghosts.",4.375,3.4081632653061225
Atticus said professional people were poor because the farmers were poor.,3.595744680851064,3.5714285714285716
"Atticus’s office in the courthouse contained little more than a hat rack, a spittoon, a checkerboard and an unsullied Code of Alabama.",4.770833333333333,3.5510204081632653
Aunt Rachel says your name’s Jeremy Atticus Finch.,5.0638297872340425,2.8333333333333335
Because that's the only way he can pay me.,4.25531914893617,2.75
"Before the first morning was over, Miss Caroline Fisher, our teacher, hauled me up to the front of the room and patted the palm of my hand with a ruler, then made me stand in the corner until noon.",5.021739130434782,2.978723404255319
"Being Southerners, it was a source of shame to some members of the family that we had no recorded ancestors on either side of the Battle of Hastings.",4.065217391304348,4.416666666666667
"Besides, Boo could not live forever on the bounty of the county.",3.404255319148936,4.375
"Besides, Jem had his little sister to think of.",4.468085106382978,3.1041666666666665
"Besides, she said.",5.0212765957446805,3.1875
Bet it’s a foot longer.,3.595744680851064,2.8125
"Boo wasn't crazy, he was high-strung at times.",3.425531914893617,3.25
Boo’s transition from the basement to back home was nebulous in Jem’s memory.,3.8125,3.857142857142857
"But by the end of August our repertoire was vapid from countless reproductions, and it was then that Dill gave us the idea of making Boo Radley come out.",3.9574468085106385,4.3061224489795915
"But Dill got him the third day, when he told Jem that folks in Meridian certainly weren’t as afraid as the folks in Maycomb, that he’d never seen such scary folks as the ones in Maycomb.",3.978723404255319,3.6041666666666665
But every day Jem and I would see Mr. Radley walking to and from town.,5.1875,3.142857142857143
But it was a time of vague optimism for some of the people: Maycomb County had recently been told that it had nothing to fear but fear itself.,4.0212765957446805,3.3125
But there came a day when Atticus told us he’d wear us out if we made any noise in the yard and commissioned Calpurnia to serve in his absence if she heard a sound out of us.,4.586956521739131,3.9583333333333335
"But there came a day, barely within Jem's memory, when Boo Radley was heard from and was seen by several people, but not by Jem.",4.4375,4.469387755102041
"But to climb the Radley front steps and call, He-y, of a Sunday afternoon was something their neighbors never did.",4.446808510638298,3.3333333333333335
By the time Mrs.,4.3125,3.183673469387755
"Calpurnia always won, mainly because Atticus always took her side.",3.425531914893617,3.9166666666666665
Calpurnia was something else again.,3.127659574468085,3.25
Calpurnia was to blame for this.,3.0425531914893615,2.4166666666666665
Cat called the drugstore for an order of chocolate malted mice the class was wriggling like a bucketful of catawba worms.,4.127659574468085,3.3125
"Cunningham could get a WPA job, but his land would go to ruin if he left it, and he was willing to go hungry to keep his land and vote as he pleased.",4.369565217391305,3.595744680851064
Cunningham had more than paid him.,4.291666666666667,3.7755102040816326
"Cunningham left he said, Mr.",4.9787234042553195,3.2916666666666665
Cunningham would ever pay us.,3.5833333333333335,3.122448979591837
Cunningham's vexations.,4.319148936170213,2.8541666666666665
"Cunningham, said Atticus, came from a set breed of men.",3.8085106382978724,3.5833333333333335
Did you forget it this morning?,4.680851063829787,2.3958333333333335
Did you forget your lunch this morning?,4.872340425531915,2.4489795918367347
"Did you know, said Atticus, that Dr.",4.404255319148936,2.7916666666666665
Dill and I followed on his heels.,5.170212765957447,2.3541666666666665
"Dill blushed and Jem told me to hush, a sure sign that Dill had been studied and found acceptable.",3.3617021276595747,2.625
"Dill had seen Dracula, a revelation that moved Jem to eye him with the beginning of respect.",4.148936170212766,3.4375
"Dill left us early in September, to return to Meridian.",5.723404255319149,4.729166666666667
Dill nodded.,5.553191489361702,2.510204081632653
Dill said striking a match under a turtle was hateful.,4.212765957446808,3
Dill was a curiosity.,3.152173913043478,2.8958333333333335
"Dill was from Meridian, Mississippi, was spending the summer with his aunt, Miss Rachel, and would be spending every summer in Maycomb from now on.",5.434782608695652,3.8333333333333335
"Do better if you go over it instead of under it, I said.",3.3260869565217392,2.6458333333333335
Don’t blame me when he gouges your eyes out.,3.9361702127659575,2.75
"Don’t have any picture shows here, except Jesus ones in the courthouse sometimes, said Jem.",4.638297872340425,2.9166666666666665
Dr. Reynolds parked his car in front of our house and walked to the Radleys' every time he called.,5.659574468085107,3.7083333333333335
"During his first five years in Maycomb, Atticus practiced economy more than anything; for several years thereafter he invested his earnings in his brothers education.",5.326086956521739,4.574468085106383
"Early one morning as we were beginning our day’s play in the back yard, Jem and I heard something next door in Miss Rachel Haverford’s collard patch.",5.369565217391305,3.625
Entailment was only a part of Mr.,3.978723404255319,3.2916666666666665
Ever see anything good?,4.0212765957446805,2.6041666666666665
Everybody did; most of the first grade had failed it last year.,4.787234042553192,4.25
Everybody who brings his lunch put it on top of his desk.,5.456521739130435,3.25
"Everybody who goes home to lunch hold up your hands, said Miss Caroline, breaking into my new grudge against Calpurnia.",3.765957446808511,3.0208333333333335
"Finch, I don't know when I'll ever be able to pay you.",3.9375,3.020408163265306
Flick.,5.108695652173913,2.5106382978723403
"Folks call me Dill, said Dill, struggling under the fence.",3.978723404255319,2.6458333333333335
"From the day Mr. Radley took Arthur home, people said the house died.",3.4782608695652173,4.6875
Go and eat downtown today.,4.958333333333333,2.306122448979592
Goin' on seven.,5.125,2.7142857142857144
"Had her conduct been more friendly toward me, I would have felt sorry for her.",3.0208333333333335,3.163265306122449
"Having never questioned Jem's pronouncements, I saw no reason to begin now.",3.872340425531915,2.7916666666666665
He asked how I was getting along.,4.829787234042553,2.6041666666666665
He charges some folks a bushel of potatoes for delivery of a baby.,4.914893617021277,3.625
"He couldn’t have cared less, so long as he could pass and punt.",3.75,3.4285714285714284
He did have on a clean shirt and neatly mended overalls.,4.770833333333333,2.795918367346939
"He didn't forget his lunch, he didn't have any.",5.125,2.673469387755102
He had none today nor would he have any tomorrow or the next day.,4.333333333333333,3.5306122448979593
He had probably never seen three quarters together at the same time in his life.,3.0638297872340425,3.510204081632653
He has no money.,4.553191489361702,2.5208333333333335
"He hasn't taught me anything, Miss Caroline.",3.5319148936170213,2.5833333333333335
"He liked Maycomb, he was Maycomb County born and bred; he knew his people, they knew him, and because of Simon Finch’s industry, Atticus was related by blood or marriage to nearly every family in the town.",4,3.4893617021276597
He never spoke to us.,5.531914893617022,3.4791666666666665
"He played the character parts formerly thrust upon me - the ape in Tarzan, Mr. Crabtree in The Rover Boys, Mr. Damon in Tom Swift.",5.0625,3.795918367346939
He read in a book where I was a Bullfinch instead of a Finch.,4.638297872340425,3.4166666666666665
"He remembered her clearly, and sometimes in the middle of a game he would sigh at length, then go off and play by himself behind the car-house.",4.229166666666667,3.6530612244897958
"He returned to Saint Stephens only once, to find a wife, and with her established a line that ran high to daughters.",4.723404255319149,4.458333333333333
"He said Atticus never talked much about the Radleys: when Jem would question him Atticus's only answer was for him to mind his own business and let the Radleys mind theirs, they had a right to; but when it happened Jem said Atticus shook his head and said, Mm, mm, mm.",4.304347826086956,3.723404255319149
"He said it began the summer Dill came to us, when Dill first gave us the idea of making Boo Radley come out.",4.297872340425532,4.916666666666667
he said.,5.604166666666667,2.8979591836734695
He took his time about it.,3.9583333333333335,3.061224489795918
"He walked to the corner of the lot, then back again, studying the simple terrain as if deciding how best to effect an entry, frowning and scratching his head.",4.173913043478261,3.297872340425532
He walks like this- Jem slid his feet through the gravel.,3.8541666666666665,2.4081632653061225
"He was a thin leathery man with colorless eyes, so colorless they did not reflect light.",3.893617021276596,3.25
"He was middle-aged then, she was fifteen years his junior.",5.229166666666667,4.530612244897959
He was thirty-three years old then.,5.851063829787234,4.354166666666667
"He wore blue linen shorts that buttoned to his shirt, his hair was snow white and stuck to his head like duckfluff; he was a year my senior but I towered over him.",4.456521739130435,2.978723404255319
"He’ll probably come out after you when he sees you in the yard, then Scout ‘n me’ll jump on him and hold him down till we can tell him we ain’t gonna hurt him.",3.347826086956522,3.106382978723404
"Here's a quarter, she said to Walter.",5.595744680851064,2.1875
"Hey yourself, said Jem pleasantly.",3.4791666666666665,2.6530612244897958
His absence of shoes told us how he got them.,4.340425531914893,3.375
"His cheekbones were sharp and his mouth was wide, with a thin upper lip and a full lower lip.",4.574468085106383,2.5833333333333335
"His family was from Maycomb County originally, his mother worked for a photographer in Meridian, had entered his picture in a Beautiful Child contest and won five dollars.",5.866666666666666,4.291666666666667
His father entered the room.,6.25531914893617,2.75
His first two clients were the last two persons hanged in the Maycomb County jail.,5.583333333333333,4.142857142857143
"His left arm was somewhat shorter than his right; when he stood or walked, the back of his hand was at right angles to his body, his thumb parallel to his thigh.",5.644444444444445,3.282608695652174
Hold out your hand.,5.145833333333333,1.9591836734693877
"Hours of wintertime had found me in the treehouse, looking over at the schoolyard, spying on multitudes of children through a two-power telescope Jem had given me, learning their games, following Jem's red jacket through wriggling circles of blind mans buff, secretly sharing their misfortunes and minor victories.",4.108695652173913,4.0638297872340425
How do you know a match don’t hurt him?,3.978723404255319,2.723404255319149
"I am from North Alabama, from Winston County.",5.76595744680851,3.625
I asked.,5.291666666666667,2.306122448979592
I asked.,5.361702127659575,1.9375
"I beg your pardon, Jean Louise?",4.425531914893617,2.3333333333333335
I can read.,5.48936170212766,1.6666666666666667
I contented myself with asking Jem if he'd lost his mind.,3.6458333333333335,2.836734693877551
I could not remember not being able to read hymns.,4.574468085106383,4.083333333333333
"I could not remember when the lines above Atticus's moving finger separated into words, but I had stared at them all the evenings in my memory, listening to the news of the day, Bills to Be Enacted into Laws, the diaries of Lorenzo Dow, anything Atticus happened to be reading when I crawled into his lap every night.",3.739130434782609,4.148936170212766
"I did not miss her, but I think Jem did.",2.8297872340425534,2.9791666666666665
I don’t want you hollerin' something different the minute I get back.,4,2.9166666666666665
I haven’t got one.,5.127659574468085,2.375
"I hope you’ve got it through your head that he’ll kill us each and every one, Dill Harris, said Jem, when we joined him.",3.9375,3.2448979591836733
I just thought you’d like to know I can read.,4.1875,2.36734693877551
"I knew I had annoyed Miss Caroline, so I let well enough alone and stared out the window until recess when Jem cut me from the covey of first-graders in the schoolyard.",3.739130434782609,3.25
I longed to join them.,3.106382978723404,2.5416666666666665
"I maintain that the Ewells started it all, but Jem, who was four years my senior, said it started long before that.",3.7872340425531914,4
I mumbled that I was sorry and retired meditating upon my crime.,4.208333333333333,2.6122448979591835
"I never deliberately learned to read, but somehow I had been wallowing illicitly in the daily papers.",3.9583333333333335,3.163265306122449
I never knew how old Mr. Radley made his living,4.48936170212766,3.9166666666666665
I never looked forward more to anything in my life.,2.9791666666666665,2.979591836734694
"I once asked Atticus if it ever had any; Atticus said yes, but before I was born.",4.875,4.571428571428571
"I rose graciously on Walters behalf: Ah, Miss Caroline?",4.0212765957446805,2.9583333333333335
"I said if he wanted to take a broad view of the thing, it really began with Andrew Jackson.",3.872340425531915,4.1875
I said in surprise.,3.851063829787234,2.5208333333333335
I sat back down.,6.085106382978723,2.25
I saw a muscle jump in his skinny jaw.,4.666666666666667,2.489795918367347
"I suppose he loved honor more than his head, for Dill wore him down easily: You’re scared, Dill said, the first day.",3.234042553191489,3.2708333333333335
"I suppose she chose me because she knew my name; as I read the alphabet a faint line appeared between her eyebrows, and after making me read most of My First Reader and the stock-market quotations from The Mobile Register aloud, she discovered that I was literate and looked at me with more than faint distaste.",3.782608695652174,2.8297872340425534
"I think some money changed hands in this transaction, for as we trotted around the corner past the Radley Place I heard an unfamiliar jingle in Jem's pockets.",3.234042553191489,3.489795918367347
I thought I had made things sufficiently clear.,3.617021276595745,3
"I thought she was going to spit in it, which was the only reason anybody in Maycomb held out his hand: it was a time-honored method of sealing oral contracts.",3.9148936170212765,3.125
I told him.,5.914893617021277,2.3541666666666665
I told Jem if he set fire to the Radley house I was going to tell Atticus on him.,4.604166666666667,2.6122448979591835
"I tried again: Walters one of the Cunningham's, Miss Caroline.",4.630434782608695,2.7083333333333335
I turned around and saw most of the town people and the entire bus delegation looking at me.,4.787234042553192,2.1666666666666665
"I was bored, so I began a letter to Dill.",4.51063829787234,2.4081632653061225
I was to stick with the first grade and he would stick with the fifth.,4.319148936170213,3.3333333333333335
"I'm just trying to tell you the new way they're teachin' the first grade, stubborn.",3.8541666666666665,2.7142857142857144
I’d like to see what he looks like.,3.4444444444444446,2.4565217391304346
"I’m big enough to fit mine, he said.",4.361702127659575,2.8958333333333335
"I’m Charles Baker Harris, he said.",5.425531914893617,2.5625
"I’m going, said Jem, don’t hurry me.",4.468085106382978,2.5833333333333335
"I’m little but I’m old, he said.",4.604166666666667,2.7755102040816326
"I’ve seen his tracks in our back yard many a mornin', and one night I heard him scratching on the back screen, but he was gone time Atticus got there.",4.456521739130435,3.3125
"If General Jackson hadn’t run the Creeks up the creek, Simon Finch would never have paddled up the Alabama, and where would we be if he hadn’t?",3.9347826086956523,4.833333333333333
"If he didn't teach you, who did?",4.829787234042553,2.7291666666666665
"If he held his mouth right, Mr.",3.7083333333333335,2.9591836734693877
"If I could have explained these things to Miss Caroline, I would have saved myself some inconvenience and Miss Caroline subsequent mortification, but it was beyond my ability to explain things as well as Atticus, so I said, You're shamin' him, Miss Caroline.",3.6595744680851063,3.875
If I didn't have to stay Id leave.,3.5106382978723403,2.7916666666666665
"If I reproduced her penmanship satisfactorily, she rewarded me with an open-faced sandwich of bread and butter and sugar.",4.5625,3.0408163265306123
"If the judge released Arthur, Mr. Radley would see to it that Arthur gave no further trouble.",3.8333333333333335,3.36734693877551
If Walter had owned any shoes he would have worn them the first day of school and then discarded them until mid-winter.,3.6666666666666665,3.938775510204082
"If you are, then- Dill , you have to think about these things, Jem said.",4.0625,2.510204081632653
"Impatience crept into Miss Caroline's voice: Here Walter, come get it.",3.8541666666666665,2.877551020408163
"In all his life, Jem had never declined a dare.",4.872340425531915,3.5833333333333335
"In Calpurnia's teaching, there was no sentimentality: I seldom pleased her and she seldom rewarded me.",3.9148936170212765,3.2708333333333335
"In England, Simon was irritated by the persecution of those who called themselves Methodists at the hands of their more liberal brethren, and as Simon called himself a Methodist, he worked his way across the Atlantic to Philadelphia, thence to Jamaica, thence to Mobile, and up the Saint Stephens.",4.521739130434782,4.9787234042553195
"In rainy weather the streets turned to red slop; grass grew on the sidewalks, the courthouse sagged in the square.",4,3.7916666666666665
"In short, I was to leave him alone.",4.25,2.877551020408163
"In spite of our warnings and explanations it drew him as the moon draws water, but drew him no nearer than the light-pole on the corner, a safe distance from the Radley gate.",3.4347826086956523,3.6875
In the long hours of church was it then I learned?,3.9574468085106385,3.4791666666666665
In this matter we were lucky to have Dill.,3.425531914893617,2.6875
Inside the house lived a malevolent phantom.,3.382978723404255,2.7916666666666665
Is he dead?,4.541666666666667,2.326530612244898
It certainly was.,4.085106382978723,3
"It kept me from driving her crazy on rainy days, I guess.",3.4166666666666665,3.1020408163265305
"It was all right to shut him up, Mr. Radley conceded, but insisted that Boo not be charged with anything: he was not a criminal.",3.5416666666666665,3.061224489795918
It was clear enough to the rest of us: Walter Cunningham was sitting there lying his head off.,3.5319148936170213,2.4583333333333335
"It was customary for the men in the family to remain on Simon’s homestead, Finch’s Landing, and make their living from cotton.",5.1875,4.142857142857143
It'll be in all the grades soon.,4.468085106382978,3.0208333333333335
Its best to begin reading with a fresh mind.,3.5208333333333335,2.5510204081632653
Its the Dewey Decimal System.,5.829787234042553,2.7916666666666665
"Jean Louise, I've had about enough of you this morning, she said.",3.8085106382978724,2.75
Jem and I crept around the yard for days.,4.74468085106383,3.0416666666666665
"Jem and I found our father satisfactory: he played with us, read to us, and treated us with courteous detachment.",3.3191489361702127,3.25
Jem brightened.,4.3125,2.63265306122449
Jem brushed his hair back to get a better look.,4.895833333333333,2.3469387755102042
"Jem condescended to take me to school the first day, a job usually done by ones parents, but Atticus had said Jem would be delighted to show me where my room was.",3.74468085106383,3.3541666666666665
"Jem gave a reasonable description of Boo: Boo was about six-and-a-half feet tall, judging from his tracks; he dined on raw squirrels and any cats he could catch, that’s why his hands were bloodstained—if you ate an animal raw, you could never wash the blood off.",3.260869565217391,3.148936170212766
"Jem had his little sister to think of the time I dared him to jump off the top of the house: If I got killed, what’d become of you? he asked.",4.212765957446808,3.1875
"Jem said he bought cotton, a polite term for doing nothing, but Mr. Radley and his wife had lived there with their two sons as long as anybody could remember.",3.9782608695652173,4.625
"Jem said he reckoned he wasn’t, he’d passed the Radley Place every school day of his life.",3.8333333333333335,3.7551020408163267
"Jem said if Dill wanted to get himself killed, all he had to do was go up and knock on the front door.",4.276595744680851,3.183673469387755
"Jem said Mr. Nathan Radley bought cotton, too.",4.553191489361702,3.5833333333333335
"Jem said, He goes out, all right, when it’s pitch dark.",4.25531914893617,3.163265306122449
Jem says I was.,4.51063829787234,2.8125
"Jem says my names really Jean Louise Bullfinch, that I got swapped when I was born and I'm really a- Miss Caroline apparently thought I was lying.",3.5531914893617023,3.75
Jem scowled.,5.148936170212766,2.3541666666666665
Jem thought about it for three days.,5.8936170212765955,3.625
"Jem threw open the gate and sped to the side of the house, slapped it with his palm and ran back past us, not waiting to see if his foray was successful.",4.645833333333333,3.693877551020408
Jem wanted Dill to know once and for all that he wasn’t scared of anything: It’s just that I can’t think of a way to make him come out without him gettin' us.,3.3043478260869565,2.8958333333333335
"Jem was the product of their first year of marriage; four years later I was born, and two years later our mother died from a sudden heart attack.",5.520833333333333,5.061224489795919
Jem's definitions are very nearly accurate sometimes.,3.6666666666666665,2.857142857142857
Jem's nose wrinkled.,5.541666666666667,2.5306122448979593
"Jem, that damn lady says Atticus's been teaching me to read and for him to stop it- Don't worry, Scout, Jem comforted me.",3.617021276595745,3.0208333333333335
"John Hale Finch was ten years younger than my father, and chose to study medicine at a time when cotton was not worth growing; but after getting Uncle Jack started, Atticus derived a reasonable income from the law.",4.673913043478261,4.319148936170213
"Knowing that Mr. Radley’s word was his bond, the judge was glad to do so.",3.6875,3.3877551020408165
"Ladies bathed before noon, after their three-o'clock naps, and by nightfall were like soft teacakes with frostings of sweat and sweet talcum.",3.9574468085106385,3.875
"Later, a sack of hickory nuts appeared on the back steps.",5.041666666666667,3.673469387755102
Lemme think a minute…it’s sort of like making a turtle come out… How’s that? asked Dill.,3.404255319148936,2.9375
"Let that be the least of your worries, Walter, Atticus said.",3.875,2.8979591836734695
"Let’s try to make him come out, said Dill.",4.297872340425532,2.3541666666666665
"Lets not let our imaginations run away with us, dear, she said.",4.270833333333333,4.408163265306122
Looks like he’d just stick his head out the door.,3.4680851063829787,2.8541666666666665
"Lord, what a name.",3,2.6666666666666665
"Maycomb was an old town, but it was a tired old town when I first knew it.",3.893617021276596,4.4375
"Maycomb, some twenty miles east of Finch’s Landing, was the county seat of Maycomb County.",5.574468085106383,4.083333333333333
Men’s stiff collars wilted by nine in the morning.,4.729166666666667,3.2857142857142856
"Mindful of John Wesley’s strictures on the use of many words in buying and selling, Simon made a pile practicing medicine, but in this pursuit he was unhappy lest he be tempted into doing what he knew was not for the glory of God, as the putting on of gold and costly apparel.",4.25531914893617,3.6666666666666665
"Miss Blount, a native Maycombian as yet uninitiated in the mysteries of the Decimal System, appeared at the door hands on hips and announced: If I hear another sound from this room I'll burn up everybody in it.",4.25531914893617,3.4583333333333335
"Miss Caroline and I had conferred twice already, and they were looking at me in the innocent assurance that familiarity breeds understanding.",3.8541666666666665,3.4081632653061225
Miss Caroline asked good-naturedly.,3.0851063829787235,2.6875
Miss Caroline began the day by reading us a story about cats.,5.595744680851064,3.0625
"Miss Caroline came to the end of the story and said, Oh, my, wasn't that nice?",4.375,3
Miss Caroline caught me writing and told me to tell my father to stop teaching me.,5.170212765957447,2.8541666666666665
"Miss Caroline picked up her ruler, gave me half a dozen quick little pats, then told me to stand in the corner.",4.872340425531915,2.8333333333333335
"Miss Caroline printed her name on the blackboard and said, This says I am Miss Caroline Fisher.",5.723404255319149,2.7083333333333335
"Miss Caroline seemed unaware that the ragged, denim-shirted and floursack-skirted first grade, most of whom had chopped cotton and fed hogs from the time they were able to walk, were immune to imaginative literature.",3.5217391304347827,3.5106382978723403
"Miss Caroline stood stock still , then grabbed me by the collar and hauled me back to her desk.",4.553191489361702,2.9375
"Miss Caroline told me to tell my father not to teach me any more, it would interfere with my reading.",4.382978723404255,2.8125
"Miss Caroline walked up and down the rows peering and poking into lunch containers, nodding if the contents pleased her, frowning a little at others.",4.638297872340425,2.8125
Miss Caroline was no more than twenty-one.,4.851063829787234,2.8958333333333335
Miss Caroline went to her desk and opened her purse.,5.872340425531915,2.6041666666666665
"Miss Caroline, he's a Cunningham.",4.808510638297872,2.6122448979591835
"Miss Caroline, the sixth grade cannot concentrate on the pyramids for all this racket!",3.8043478260869565,2.6875
"Miss Scout, if you give me your attention I'll tell you what entailment is.",4.340425531914893,2.375
"Miss Stephanie Crawford said he was so upright he took the word of God as his only law, and we believed her, because Mr. Radley’s posture was ramrod straight.",3.5217391304347827,3.5416666666666665
Miss Stephanie Crawford said she woke up in the middle of the night one time and saw him looking straight through the window at her said his head was like a skull lookin' at her.,3.869565217391304,3.8085106382978724
"Miss Stephanie Crawford said some of the town council told Mr. Radley that if he didn’t take Boo back, Boo would die of mold from the damp.",4.276595744680851,3.7291666666666665
"Miss Stephanie said old Mr. Radley said no Radley was going to any asylum, when it was suggested that a season in Tuscaloosa might be helpful to Boo.",4.304347826086956,3.9375
"Molasses buckets appeared from nowhere, and the ceiling danced with metallic light.",3.8541666666666665,3.2448979591836733
Mr.,5.304347826086956,2.893617021276596
"Mr. Nathan would speak to us, however, when we said good morning, and sometimes we saw him coming from town with a magazine in his hand.",4.717391304347826,3.875
Mr. Radley thought it was.,4.021739130434782,3.2291666666666665
"Mr. Radley walked to town at eleven-thirty every morning and came back promptly at twelve, sometimes carrying a brown paper bag that the neighborhood assumed contained the family groceries.",5.195652173913044,3.382978723404255
Mr. Radley was dying.,4.6875,3.020408163265306
"Mr. Radley’s elder son lived in Pensacola; he came home at Christmas, and he was one of the few persons we ever saw enter or leave the place.",5.5,4.469387755102041
Mrs. Dubose was plain hell.,2.574468085106383,3.375
"Mrs. Radley ran screaming into the street that Arthur was killing them all, but when the sheriff arrived he found Boo still sitting in the livingroom, cutting up the Tribune.",4.708333333333333,3.5510204081632653
"Mrs. Radley seldom if ever crossed the street for a mid-morning coffee break with her neighbors, and certainly never joined a missionary circle.",4.872340425531915,4.041666666666667
"My memory came alive to see Mrs. Radley occasionally open the front door, walk to the edge of the porch, and pour water on her cannas.",4.3125,3.877551020408163
My sojourn in the corner was a short one.,3.851063829787234,2.6041666666666665
"My special knowledge of the Cunningham tribe one branch, that is was gained from events of last winter.",3.8541666666666665,4.163265306122449
"My stars, Dill!",3.7083333333333335,2.673469387755102
"No comment seemed to be expected of us, and the class received these impressionistic revelations in silence.",3.9148936170212765,2.9375
"No… Then if he’s not dead you’ve got one, haven’t you?",4.125,3.2244897959183674
Nobody in Maycomb had nerve enough to tell Mr. Radley that his boy was in with the wrong crowd.,3.8125,3.5918367346938775
"Nobody knew what form of intimidation Mr. Radley employed to keep Boo out of sight, but Jem figured that Mr. Radley kept him chained to the bed most of the time.",3.3260869565217392,3.875
"Nome thank you ma'am, he drawled softly.",4,2.7142857142857144
"North Alabama was full of Liquor Interests, Big Mules, steel companies, Republicans, professors, and other persons of no background.",3.6808510638297873,3.7291666666666665
Not exactly.,3.7291666666666665,3.326530612244898
"Not in money, Atticus said, but before the years out I'll have been paid.",4.48936170212766,4.25
Now lemme think reckon we can rock him Jem stood in thought so long that Dill made a mild concession: I won’t say you ran out on a dare an I’ll swap you The Gray Ghost if you just go up and touch the house.,4.25531914893617,2.9583333333333335
"Now that I was compelled to think about it, reading was something that just came to me, as learning to fasten the seat of my union suit without looking around, or achieving two bows from a snarl of shoelaces.",3.574468085106383,2.8958333333333335
Now you tell your father not to teach you any more.,4.148936170212766,2.4166666666666665
"Of all days Sunday was the day for formal afternoon visiting: ladies wore corsets, men wore coats, children wore shoes.",4.833333333333333,3.877551020408163
"Once the town was terrorized by a series of morbid nocturnal events: people’s chickens and household pets were found mutilated; although the culprit was Crazy Addie, who eventually drowned himself in Barker’s Eddy, people still looked at the Radley Place, unwilling to discard their initial suspicions.",4.173913043478261,4.404255319148936
One does not love breathing.,3.234042553191489,2.625
One morning Jem and I found a load of stovewood in the back yard.,5.145833333333333,3.5714285714285716
"One night, in an excessive spurt of high spirits, the boys backed around the square in a borrowed flivver, resisted arrest by Maycomb’s ancient beadle, Mr. Conner, and locked him in the courthouse outhouse.",4.1521739130434785,4.1063829787234045
Our battles were epic and one-sided.,3.3617021276595747,2.8958333333333335
Our father said we were both right.,4.520833333333333,2.8979591836734695
Our first raid came to pass only because Dill bet Jem The Gray Ghost against two Tom Swifts that Jem wouldn’t get any farther than the Radley gate.,4.25,4.1020408163265305
"Our mother died when I was two, so I never felt her absence.",4.458333333333333,4.63265306122449
Our teacher says Miss Caroline's introducing a new way of teaching.,4.680851063829787,2.7291666666666665
People caught hookworms going barefooted in barnyards and hog wallows.,5.1063829787234045,3.4583333333333335
People moved slowly then.,3.6875,4.224489795918367
"People said he existed, but Jem and I had never seen him.",4.659574468085107,3.5416666666666665
"People said he went out at night when the moon was down, and peeped in windows.",4.0625,3.9591836734693877
Rain-rotted shingles drooped over the eaves of the veranda; oak trees kept the sun away.,5,3.5833333333333335
Reynolds works the same way?,3.7083333333333335,2.63265306122449
"Routine contentment was: improving our treehouse that rested between giant twin chinaberry trees in the back yard, fussing, running through our list of dramas based on the works of Oliver Optic, Victor Appleton, and Edgar Rice Burroughs.",4.361702127659575,3.9166666666666665
s not any funnier’n yours.,2.6956521739130435,2.7708333333333335
"Safely on our porch, panting and out of breath, we looked back.",4.208333333333333,2.4693877551020407
"Saved by the bell, Miss Caroline watched the class file out for lunch.",4.673913043478261,2.7083333333333335
"Scout yonder’s been readin' ever since she was born, and she ain’t even started to school yet.",3.9565217391304346,4
She also wore high-heeled pumps and a red-and- white-striped dress.,6.042553191489362,2.6666666666666665
she asked.,5.51063829787234,2.9375
"She boarded across the street one door down from us in Miss Maudie Atkinsons upstairs front room, and when Miss Maudie introduced us to her, Jem was in a haze for days.",3.9347826086956523,3.893617021276596
"She gave the money to Dill, who went to the picture show twenty times on it.",5.541666666666667,3.938775510204082
"She had been with us ever since Jem was born, and I had felt her tyrannical presence as long as I could remember.",3.404255319148936,4.520833333333333
"She had bright auburn hair, pink cheeks, and wore crimson fingernail polish.",5.276595744680851,3.1666666666666665
She learned about it in college.,4.979166666666667,4.224489795918367
She looked and smelled like a peppermint drop.,3.3333333333333335,2.6530612244897958
She stopped at Walter Cunningham's desk.,5.808510638297872,2.6458333333333335
She was a Graham from Montgomery; Atticus met her when he was first elected to the state legislature.,5.521739130434782,4.458333333333333
She was a pretty little thing.,3.0851063829787235,2.6808510638297873
She was all angles and bones; she was nearsighted; she squinted; her hand was wide as a bed slat and twice as hard.,3.8125,3.5306122448979593
"She was always ordering me out of the kitchen, asking me why I couldn’t behave as well as Jem when she knew he was older, and calling me home when I wasn’t ready to come.",3.978723404255319,3.25
"She would set me a writing task by scrawling the alphabet firmly across the top of a tablet, then copying out a chapter of the Bible beneath.",4.74468085106383,3.1875
"Shoot no wonder, then, said Jem, jerking his thumb at me.",3.9375,2.489795918367347
Simon lived to an impressive age and died rich.,3.5531914893617023,4.5625
"Simon would have regarded with impotent fury the disturbance between the North and the South, as it left his descendants stripped of everything but their land, yet the tradition of living on the land remained unbroken until well into the twentieth century, when my father, Atticus Finch, went to Montgomery to read law, and his younger brother went to Boston to study medicine.",3.9565217391304346,5.042553191489362
"Sitting down, he wasn’t much higher than the collards.",4.191489361702128,3.0208333333333335
"So Jem received most of his information from Miss Stephanie Crawford, a neighborhood scold, who said she knew the whole thing.",3.8541666666666665,3.63265306122449
"So Simon, having forgotten his teacher’s dictum on the possession of human chattels, bought three slaves and with their aid established a homestead on the banks of the Alabama River some forty miles above Saint Stephens.",5.130434782608695,4.76595744680851
So what? I said.,4.375,2.5306122448979593
Somebody did.,5.208333333333333,3.4081632653061225
"Somehow, it was hotter then: a black dog suffered on a summer’s day; bony mules hitched to Hoover carts flicked flies in the sweltering shade of the live oaks on the square.",3.8222222222222224,4.702127659574468
Strike a match under him.,4.617021276595745,2.3541666666666665
"Sure that’s all, now?",4.23404255319149,2.5833333333333335
Teach me?,4.979166666666667,2.2857142857142856
"Tell it to us, he said.",5.125,2.183673469387755
"That spring when we found a crokersack full of turnip greens, Atticus said Mr.",4.6875,3.816326530612245
That was the summer Dill came to us.,5.458333333333333,4.673469387755102
"That's okay, ma'am, you'll get to know all the county folks after a while.",3.574468085106383,3.2291666666666665
"The acres not entailed were mortgaged to the hilt, and the little cash he made went to interest.",5.148936170212766,4.104166666666667
"The cats had long conversations with one another, they wore cunning little clothes and lived in a warm house beneath a kitchen stove.",3.6458333333333335,3.306122448979592
"The class murmured apprehensively, should she prove to harbor her share of the peculiarities indigenous to that region.",3.5,3.1020408163265305
"The Cunninghams are country folks, farmers, and the crash hit them hardest.",4.553191489361702,3.8333333333333335
The Cunninghams never took anything they can't pay back no church baskets and no scrip stamps.,4.276595744680851,3.2653061224489797
"The Dewey Decimal System consisted, in part, of Miss Caroline waving cards at us on which were printed the, cat, rat, man, and you.",4.51063829787234,3.0625
"The doors of the Radley house were closed on weekdays as well as Sundays, and Mr. Radley’s boy was not seen again for fifteen years.",5.354166666666667,4.755102040816326
"The Haverfords had dispatched Maycomb’s leading blacksmith in a misunderstanding arising from the alleged wrongful detention of a mare, were imprudent enough to do it in the presence of three witnesses, and insisted that the- son-of-a-bitch-had-it-coming-to-him was a good enough defense for anybody.",3.723404255319149,3.9791666666666665
"The house was low, was once white with a deep front porch and green shutters, but had long ago darkened to the color of the slate-gray yard around it.",4.319148936170213,4.229166666666667
The judge asked Mr. Conner why he included the last charge; Mr. Conner said they cussed so loud he was sure every lady in Maycomb heard them.,4.276595744680851,3.5510204081632653
"The judge decided to send the boys to the state industrial school, where boys were sometimes sent for no other reason than to provide them with food and decent shelter: it was no prison and it was no disgrace.",3.9130434782608696,3.9574468085106385
"The Maycomb school grounds adjoined the back of the Radley lot; from the Radley chickenyard tall pecan trees shook their fruit into the schoolyard, but the nuts lay untouched by the children: Radley pecans would kill you.",4.239130434782608,3.404255319148936
The misery of that house began many years before Jem and I were born.,3.6875,5.510204081632653
"The more we told Dill about the Radleys, the more he wanted to know, the longer he would stand hugging the light-pole on the corner, the more he would wonder.",4.042553191489362,3.5714285714285716
"The neighborhood thought when Mr. Radley went under Boo would come out, but it had another think coming: Boo’s elder brother returned from Pensacola and took Mr. Radley’s place.",4.1063829787234045,3.75
"The next day Dill said, You’re too scared even to put your big toe in the front yard.",3.723404255319149,2.6458333333333335
"The old house was the same, droopy and sick, but as we stared down the street we thought we saw an inside shutter move.",2.9375,2.63265306122449
The only difference between him and his father was their ages.,3.851063829787234,3.3958333333333335
The other boys attended the industrial school and received the best secondary education to be had in the state; one of them eventually worked his way through engineering school at Auburn.,4.466666666666667,4.702127659574468
"The place was self-sufficient: modest in comparison with the empires around it, the Landing nevertheless produced everything required to sustain life except ice, wheat flour, and articles of clothing, supplied by river- boats from Mobile.",3.9130434782608696,3.9361702127659575
The Radley house had no screen doors.,5.791666666666667,3.36734693877551
The Radley Place fascinated Dill….,3.7916666666666665,3.1020408163265305
The Radley Place jutted into a sharp curve beyond our house.,6.791666666666667,3.306122448979592
The Radley Place was inhabited by an unknown entity the mere description of whom was enough to make us behave for days on end;,3.6382978723404253,3.9166666666666665
"The Radleys, welcome anywhere in town, kept to themselves, a predilection unforgivable in Maycomb.",3.7916666666666665,3.8979591836734695
The remains of a picket drunkenly guarded the front yard - a “swept” yard that was never swept - where johnson grass and rabbit- tobacco grew in abundance.,4.404255319148936,4.040816326530612
"The sheriff hadn’t the heart to put him in jail alongside Negroes, so Boo was locked in the courthouse basement.",4.042553191489362,3.9791666666666665
"The shutters and doors of the Radley house were closed on Sundays, another thing alien to Maycomb’s ways: closed doors meant illness and cold weather only.",4.543478260869565,3.9166666666666665
"The town children did so, and she looked us over.",4.787234042553192,2.7708333333333335
"The town decided something had to be done; Mr. Conner said he knew who each and every one of them was, and he was bound and determined they wouldn’t get away with it, so the boys came before the probate judge on charges of disorderly conduct, disturbing the peace, assault and battery, and using abusive and profane language in the presence and hearing of a female.",4.042553191489362,3.6458333333333335
Their sister Alexandra was the Finch who remained at the Landing: she married a taciturn man who spent most of his time lying in a hammock by the river wondering if his trot-lines were full.,4.717391304347826,4.0638297872340425
"Then he jumped, landed unhurt, and his sense of responsibility left him until confronted by the Radley Place.",4.083333333333333,2.979591836734694
Then I sneered at him.,4.914893617021277,2.3958333333333335
"Then she went to the blackboard and printed the alphabet in enormous square capitals, turned to the class and asked, Does anybody know what these are?",4.531914893617022,2.6666666666666665
"There goes the meanest man ever God blew breath into, murmured Calpurnia, and she spat meditatively into the yard.",2.5531914893617023,3.125
"There he would stand, his arm around the fat pole, staring and wondering.",4.416666666666667,3.4285714285714284
"There was a long jagged scar that ran across his face; what teeth he had were yellow and rotten; his eyes popped, and he drooled most of the time.",4.239130434782608,2.625
"There was no hurry, for there was nowhere to go, nothing to buy and no money to buy it with, nothing to see outside the boundaries of Maycomb County.",3.3191489361702127,3.4583333333333335
Thereafter the summer passed in routine contentment.,3.6808510638297873,3.8125
"They ambled across the square, shuffled in and out of the stores around it, took their time about everything.",3.7708333333333335,3.7142857142857144
"They did little, but enough to be discussed by the town and publicly warned from three pulpits: they hung around the barbershop; they rode the bus to Abbottsville on Sundays and went to the picture show; they attended dances at the county’s riverside gambling hell, the Dew-Drop Inn & Fishing Camp; they experimented with stumphole whiskey.",4.760869565217392,4.212765957446808
"They did not go to church, Maycomb’s principal recreation, but worshiped at home;",5.148936170212766,3.1666666666666665
"They don't have much, but they get along on it.",3.4166666666666665,3.0408163265306123
"They never took anything off of anybody, they get along on what they have.",5.0638297872340425,3.2916666666666665
"They persisted in pleading Not Guilty to first-degree murder, so there was nothing much Atticus could do for his clients except be present at their departure, an occasion that was probably the beginning of my father’s profound distaste for the practice of criminal law.",4.086956521739131,3.872340425531915
They said it ran in her family.,4.553191489361702,3.8125
"This was enough to make Jem march to the corner, where he stopped and leaned against the light-pole, watching the gate hanging crazily on its homemade hinge.",4.326086956521739,2.9791666666666665
"Thus we came to know Dill as a pocket Merlin, whose head teemed with eccentric plans, strange longings, and quaint fancies.",3.3958333333333335,3.4285714285714284
"Touch the house, that all?",4.208333333333333,3
"Turtles can’t feel, stupid, said Jem.",3.8958333333333335,2.8979591836734695
"Until I feared I would lose it, I never loved to read.",3.652173913043478,3.2291666666666665
"Walking south, one faced its porch; the sidewalk turned and ran beside the lot.",5.723404255319149,3.25
Walter Cunningham's face told everybody in the first grade he had hookworms.,3.75,3.857142857142857
"Walter hasn't got a quarter at home to bring you, and you can't use any stovewood.",4.382978723404255,2.7291666666666665
Walter looked straight ahead.,5.553191489361702,2.5
Walter shook his head again.,5.875,2.5510204081632653
Walter shook his head.,5.404255319148936,2.8125
Walters father was one of Atticus's clients.,5.8936170212765955,3.5
Walters jaw twitched again.,5.361702127659575,2.8958333333333335
We are indeed.,4.104166666666667,1.9183673469387754
"We don't write in the first grade, we print.",4.638297872340425,2.7708333333333335
"We left the corner, crossed the side street that ran in front of the Radley house, and stopped at the gate.",5.416666666666667,3.2653061224489797
"We lived on the main residential street in town- Atticus, Jem and I, plus Calpurnia our cook.",5.617021276595745,3.2083333333333335
"We looked at her in surprise, for Calpurnia rarely commented on the ways of white people.",3.8125,3.0816326530612246
We saw him off on the five o'clock bus and I was miserable without him until it occurred to me that I would be starting to school in a week.,3.851063829787234,3.2291666666666665
We stared at him until he spoke: Hey.,5,2.3469387755102042
We watched.,5.9361702127659575,2.6875
We went to the wire fence to see if there was a puppy—Miss Rachel’s rat terrier was expecting—instead we found someone sitting looking at us.,4.787234042553192,2.8958333333333335
"We were far too old to settle an argument with a fist-fight, so we consulted Atticus.",3.6875,2.5714285714285716
We were never tempted to break them.,4.148936170212766,3.6458333333333335
"We'll do like we always do at home, he said, but you'll see schools different.",3.6382978723404253,2.9791666666666665
"Well go on, said Dill, Scout and ME's right behind you.",4.354166666666667,2.857142857142857
"Were you ever a turtle, huh?",3.9574468085106385,3.4166666666666665
"What is it, Jean Louise?",4.9361702127659575,2
"What, Jean Louise?",4.553191489361702,2.2916666666666665
"When Dill reduced Dracula to dust, and Jem said the show sounded better than the book, I asked Dill where his father was: You ain’t said anything about him.",4.021739130434782,3.5
"When enough years had gone by to enable us to look back on them, we sometimes discussed the events leading to his accident.",4.851063829787234,5.3125
"When he passed we would look at the ground and say, Good morning, sir, and he would cough in reply.",4.833333333333333,3
"When he said that, I knew he was afraid.",3.276595744680851,2.875
"When he was like that, I knew better than to bother him.",3.7291666666666665,3.2448979591836733
"When he was nearly thirteen, my brother Jem got his arm badly broken at the elbow.",5,5.0625
"When I asked Jem what entailment was, and Jem described it as a condition of having your tail in a crack, I asked Atticus if Mr.",4.170212765957447,3.0625
"When I was almost six and Jem was nearly ten, our summertime boundaries (within calling distance of Calpurnia) were Mrs. Henry Lafayette Dubose’s house two doors to the north of us, and the Radley Place three doors to the south.",4.955555555555556,4.9375
"When it healed, and Jem’s fears of never being able to play football were assuaged, he was seldom self-conscious about his injury.",4.25531914893617,3.7708333333333335
"When Miss Caroline threatened it with a similar fate the first grade exploded again, becoming cold sober only when the shadow of Miss Blount fell over them.",3.6808510638297873,3.4285714285714284
"When my father was admitted to the bar, he returned to Maycomb and began his practice.",5.787234042553192,4.458333333333333
"When people’s azaleas froze in a cold snap, it was because he had breathed on them.",3.5833333333333335,3.5714285714285716
"When Walter shook his head a third time someone whispered, Go on and tell her, Scout.",4.869565217391305,2.7916666666666665
"When we slowed to a walk at the edge of the schoolyard, Jem was careful to explain that during school hours I was not to bother him, I was not to approach him with requests to enact a chapter of Tarzan and the Ant Men, to embarrass him with references to his private life, or tag along behind him at recess and noon.",3.978723404255319,3.5416666666666665
Where's yours?,4.446808510638298,2.4166666666666665
Where’d you come from?,4.666666666666667,2.5510204081632653
Why do you think Miss Rachel locks up so tight at night?,3.8958333333333335,2.6122448979591835
Why does he pay you like that?,4.0638297872340425,2.75
"Why don’t you come over, Charles Baker Harris?",4.520833333333333,2.6530612244897958
"Why, he's so tired at night he just sits in the Livingroom and reads.",3.978723404255319,3
With Christmas came a crate of smilax and holly.,4.297872340425532,3.3333333333333335
"Wonder what he does in there, he would murmur.",3.869565217391304,3.0638297872340425
Wonder what he looks like? said Dill.,4.191489361702128,3.2916666666666665
"Wondering what bargain we had made, I turned to the class for an answer, but the class looked back at me in puzzlement.",3.7083333333333335,2.5510204081632653
"Wooden sawhorses blocked the road at each end of the Radley lot, straw was put down on the sidewalk, traffic was diverted to the back street.",5.76595744680851,3.7708333333333335
"Yeah Jem, but I don't wanta study cows, I- Sure you do.",3.5208333333333335,2.489795918367347
"Yeah, that’s all, said Dill.",4.787234042553192,2.7346938775510203
"Yebm, he finally mumbled.",4.212765957446808,2.6122448979591835
You can have a seat now.,5.458333333333333,2.142857142857143
You can pay me back tomorrow.,4.854166666666667,2.4489795918367347
"You don't have to learn much out of books that way it's like if you wanta learn about cows, you go milk one, see?",3.3617021276595747,3.4489795918367347
You gonna run out on a dare? asked Dill.,4.276595744680851,2.9166666666666665
"You got anything needs readin' I can do it…. How old are you, asked Jem, four-and-a-half?",4.270833333333333,2.9591836734693877
"You hafta know about cows, they're a big part of life in Maycomb County.",3.893617021276596,3.2708333333333335
You look right puny for goin' on seven.,3,2.1875
You mean we can't play any more?,4.1063829787234045,2.3125
"You started it, remember.",4,2.7551020408163267
You tell him I'll take over from here and try to undo the damage- Ma'am?,3.893617021276596,3.0833333333333335
You watch.,5.48936170212766,2.2857142857142856
You weren't born reading The Mobile Register.,4.8936170212765955,3.875
You wont learn to write until you're in the third grade.,4.361702127659575,3.4583333333333335
"You're starting off on the wrong foot in every way, my dear.",3.0833333333333335,2.4489795918367347
"You’re still scared, murmured Dill patiently.",3.765957446808511,2.5
Your father does not know how to teach.,3.0638297872340425,2.25
Your name’s longer’n you are.,2.9791666666666665,3.061224489795918
